,x,y,color
0,-16.685259882082388,10.766061068488078,NewsWCL50
1,-16.996368488061055,7.6620850260644495,NewsWCL50
2,-17.239618755664655,7.7917273939446074,NewsWCL50
3,-16.679122202776117,7.227781188519937,NewsWCL50
4,-21.11625852089693,15.191472020991974,NewsWCL50
5,-20.91106977085005,15.20817096090725,NewsWCL50
6,-20.896060279918785,15.067350692875607,NewsWCL50
7,-16.948724101548915,10.274731719127177,NewsWCL50
8,-17.82041629252601,8.31654492872695,NewsWCL50
9,-18.043721595756395,8.596772412155024,NewsWCL50
10,-18.06683882334711,8.058045023510697,NewsWCL50
11,-16.935328484179827,14.52969526666815,NewsWCL50
12,-16.872070559017583,16.53667240192092,NewsWCL50
13,-16.93019214002569,16.523246516946628,NewsWCL50
14,-17.10368360254298,16.849257989585062,NewsWCL50
15,-17.433828584473627,16.565281244856234,NewsWCL50
16,-15.410781242729461,11.901683165286123,NewsWCL50
17,-13.099928967741521,11.872901246458769,NewsWCL50
18,-13.281328009439425,11.331627454030858,NewsWCL50
19,-13.36900932351067,11.363595410974936,NewsWCL50
20,-22.57907247295494,10.547948774265155,NewsWCL50
21,-22.790774478886934,11.41369327881678,NewsWCL50
22,-22.858153229259415,11.289535832322164,NewsWCL50
23,-23.33646009537365,10.765080748663943,NewsWCL50
24,-22.703561040356064,10.881330071727334,NewsWCL50
25,-7.330388006324382,14.247737445381974,NewsWCL50
26,-6.878183665651918,14.062790867788584,NewsWCL50
27,-6.973176800052701,14.334273742875828,NewsWCL50
28,-6.752171234019608,14.237239206888592,NewsWCL50
29,-10.945386475120948,17.54111631348176,NewsWCL50
30,-10.926973313382222,17.567806040987545,NewsWCL50
31,-10.932149976798804,17.560492508726302,NewsWCL50
32,-17.09173673948561,13.868559773479086,NewsWCL50
33,-19.309342418148574,14.829571291358,NewsWCL50
34,-19.244773924471453,15.35476519370301,NewsWCL50
35,-18.79577419045227,15.556859320935327,NewsWCL50
36,-19.151433825173687,14.999615514976162,NewsWCL50
37,-14.01140411520528,12.641303832172516,NewsWCL50
38,-13.185325390323152,12.912732967156485,NewsWCL50
39,-13.172220205701496,13.170683280465536,NewsWCL50
40,-14.35885612180569,-6.383888142217625,ECBplus
41,-14.489213796672967,-6.427146686804306,ECBplus
42,-13.763943297155958,-6.10833021308467,ECBplus
43,-14.173781856579062,-6.32143729388,ECBplus
44,6.350387116243697,-0.38450489838722124,ECBplus
45,16.979154298860543,11.814947910076889,ECBplus
46,16.892580322134293,11.405785928309667,ECBplus
47,16.75890419284907,10.90714837680602,ECBplus
48,16.952444181885785,11.59690552849636,ECBplus
49,16.049577694309917,14.762444324665761,ECBplus
50,16.054131579134445,14.579432546382375,ECBplus
51,16.0603337277077,14.38766731286113,ECBplus
52,18.545275786086556,29.61010645816598,ECBplus
53,3.435281527672803,25.31090814135474,ECBplus
54,4.454222770407597,25.89620260546877,ECBplus
55,18.31093697144639,22.556833142788893,ECBplus
56,18.311186193937605,22.461515465222657,ECBplus
57,14.948209013080467,29.245935736891084,ECBplus
58,20.780201780856263,8.687031281577065,ECBplus
59,-6.193446232619648,20.737033840326895,ECBplus
60,3.0129665286050438,-6.827912146971851,ECBplus
61,-6.095876844664967,21.00087345565409,ECBplus
62,24.717663266922095,27.829971363490287,ECBplus
63,25.73256434848134,27.916823628743554,ECBplus
64,25.513441943059977,34.07515849015484,ECBplus
65,26.804615898112267,33.51054512695525,ECBplus
66,-4.003575856710059,11.668286878254305,ECBplus
67,9.000842362150287,14.145898220196566,ECBplus
68,9.262129260539878,14.959051922066896,ECBplus
69,1.5789685177589718,-7.820664631431551,ECBplus
70,-0.11058211281546178,12.05964705713209,ECBplus
71,-3.934717288910559,3.2093495045341633,ECBplus
72,21.9534781642332,23.48107113743876,ECBplus
73,21.939503423002247,23.50014447563262,ECBplus
74,4.015878394378419,12.70393250769798,ECBplus
75,4.75152231253733,12.26536951672843,ECBplus
76,4.647067724938632,12.330512993409824,ECBplus
77,-32.318773495828125,-7.026355377563171,ECBplus
78,-32.23456710530218,-7.605200908270229,ECBplus
79,-32.56968241400435,-7.0932171230284435,ECBplus
80,-33.12774035033944,-7.231140432832758,ECBplus
81,-32.896890525352426,-7.804781337275404,ECBplus
82,-32.8721112900761,-7.935388557195228,ECBplus
83,2.1383157340632013,8.659719167131232,ECBplus
84,2.0898416430284925,8.571600374776995,ECBplus
85,2.085722514566346,8.55383788653998,ECBplus
86,-15.03616482523386,2.208320755792346,ECBplus
87,-14.438978242665703,2.92032588547516,ECBplus
88,-14.563303546230918,2.5270989431339514,ECBplus
89,-14.726400406034552,2.099533353561277,ECBplus
90,-14.603960984556943,2.117625970671358,ECBplus
91,26.991069333259738,-3.5235885124787356,ECBplus
92,26.96592890820715,-3.529816018451338,ECBplus
93,-1.3104892267048887,5.958109507400366,ECBplus
94,-0.7268246702566636,-7.915714849686202,ECBplus
95,-1.3354525895356453,-6.563868061212639,ECBplus
96,-1.077273465576102,-6.6462034269901995,ECBplus
97,-18.43740544940762,-4.717664489510872,ECBplus
98,1.2186260082760287,28.857058372504028,ECBplus
99,1.2180232368380646,28.85168393606528,ECBplus
100,10.286135383615978,7.185692252437001,ECBplus
101,10.214243564024446,7.108647554678384,ECBplus
102,14.62183614270208,-20.554963614532653,ECBplus
103,14.464410634203533,-20.54400924413326,ECBplus
104,14.495429905853378,-19.95466294361491,ECBplus
105,5.528540134273093,8.914377750786896,ECBplus
106,5.793630548585929,8.764138232195341,ECBplus
107,-1.9440707343804478,17.663032132318357,ECBplus
108,30.066216684149293,11.4244809674104,ECBplus
109,29.99394799517595,12.043014039762964,ECBplus
110,29.15363593964118,11.767479929602443,ECBplus
111,29.178245669673554,11.429589610937827,ECBplus
112,-3.782721392050308,23.048082152754787,ECBplus
113,-6.506124304496698,22.43854809782008,ECBplus
114,-0.9045807250767064,-1.1448654548934927,ECBplus
115,-10.046132509713932,3.1410641593349813,ECBplus
116,6.167132523559324,-12.560315791857345,ECBplus
117,-34.819693600915144,-25.739830252773196,ECBplus
118,-33.09169841067169,-23.606101887884133,ECBplus
119,-35.47128558469247,-26.750989065412668,ECBplus
120,-35.431505118288804,-26.185324545730673,ECBplus
121,-14.95577683117604,24.707970125392578,ECBplus
122,-15.309867414884307,25.119259376783443,ECBplus
123,-14.992862358689456,25.53839413059098,ECBplus
124,-25.559331284910304,-10.105234673743754,ECBplus
125,-24.44707918925989,-14.71855922438262,ECBplus
126,-24.759996296399752,-14.835428852818033,ECBplus
127,-42.7806860719501,-9.544717620434094,ECBplus
128,-44.871685683122195,-8.929157694299478,ECBplus
129,18.78434026009149,-17.40072503295175,ECBplus
130,-4.9529826190403545,-2.3523558103368387,ECBplus
131,-9.766143628506205,-7.361270394003634,ECBplus
132,-9.408894409927635,-7.6239215990974705,ECBplus
133,0.9593856444485173,-14.926151605019733,ECBplus
134,-4.154312900236591,-12.536915200959633,ECBplus
135,23.774238234174202,5.247575529506632,ECBplus
136,23.77439592439482,5.249124927052227,ECBplus
137,27.723323056497165,-16.040916664318313,MEANTIME
138,28.990134545255206,-16.50237853733706,MEANTIME
139,26.42503187431815,-15.545773386356407,MEANTIME
140,29.224993382409355,-13.893680888358777,MEANTIME
141,27.617374489226503,-12.110558388630588,MEANTIME
142,29.250305726971117,-14.737821803224808,MEANTIME
143,29.181415535272972,-10.294829790463929,MEANTIME
144,29.768066111622463,-10.730902656696095,MEANTIME
145,29.696040290763516,-13.169815437081686,MEANTIME
146,27.51671880289788,-12.464225091425627,MEANTIME
147,28.910914422491118,-15.629241542232442,MEANTIME
148,29.798213327289808,-14.164210424591136,MEANTIME
149,28.34951326493213,-15.46090313967126,MEANTIME
150,30.521880958533753,-13.001992714458323,MEANTIME
151,29.649694894715473,-14.785183330611124,MEANTIME
152,29.27993950480008,-10.401957822823714,MEANTIME
153,26.038886118793386,-11.892197399434894,MEANTIME
154,28.33342003349424,-14.58270724091598,MEANTIME
155,-30.48891011026969,-23.973339544345002,MEANTIME
156,-32.1514977588121,-22.970716716303688,MEANTIME
157,-31.056489736441804,-22.804003407147004,MEANTIME
158,-32.84942408133071,-19.90909649713345,MEANTIME
159,-32.53096752853769,-24.539260156936813,MEANTIME
160,-31.990521434179556,-19.95287313065706,MEANTIME
161,-30.42525550618732,-23.979240279036063,MEANTIME
162,-32.34088751595567,-23.660282562785156,MEANTIME
163,-33.41623655656963,-25.326464855176997,MEANTIME
164,-30.52949339364935,-21.229735560186864,MEANTIME
165,-32.530848168317746,-19.887523579852882,MEANTIME
166,-30.504671353252885,-21.237521426029026,MEANTIME
167,-34.788164544488794,-26.27704756591748,MEANTIME
168,-31.272880048460365,-21.98117099078842,MEANTIME
169,-32.25153347425677,-22.3589089999753,MEANTIME
170,-32.86160732901995,-20.299528075195404,MEANTIME
171,1.546773134356529,4.687721698952831,MEANTIME
172,-18.992835733970022,-1.8700377739231677,MEANTIME
173,1.2315961767286439,3.729221393820299,MEANTIME
174,-20.281852058025063,-2.8041311432838816,MEANTIME
175,-19.962725366487817,-2.2666594697686446,MEANTIME
176,-18.996855975224967,-2.5841008824992087,MEANTIME
177,-19.444234692156876,-3.7275385911256067,MEANTIME
178,-19.445011850047454,-0.9946517413780354,MEANTIME
179,-18.891570129424213,-3.3293450451086146,MEANTIME
180,1.742964343503486,4.987005001983847,MEANTIME
181,1.396160136528676,4.343864328044594,MEANTIME
182,-20.374182210396146,-3.4362751520390225,MEANTIME
183,-35.5167327480061,5.432085012975527,MEANTIME
184,-33.71078833555229,4.604357285923967,MEANTIME
185,-35.53250160398009,5.556463475814767,MEANTIME
186,-34.73142552188579,5.4074076379785545,MEANTIME
187,-36.435478633353924,6.840441353614692,MEANTIME
188,-36.15058653530951,5.596877394128562,MEANTIME
189,-36.41906392783585,4.8862875386283795,MEANTIME
190,-33.3721233026488,6.330308917407636,MEANTIME
191,-35.64719868579558,6.723252143056059,MEANTIME
192,-35.04725482823781,6.291637464541774,MEANTIME
193,-34.55118902735467,7.990533008459309,MEANTIME
194,-34.8397955342819,7.861623165561603,MEANTIME
195,-34.315518076250484,7.064581406311738,MEANTIME
196,-35.60309420518302,7.516003719659166,MEANTIME
197,-33.39874322631058,7.817444903235134,MEANTIME
198,-32.69462890626461,5.501288562769812,MEANTIME
199,-33.30297896318522,5.121490735471533,MEANTIME
200,-32.50745762080406,7.136021952981726,MEANTIME
201,-8.36462937816611,31.416411226649842,NP4E
202,-4.926553211543407,32.308733933344335,NP4E
203,-4.047904218199896,32.287469575224954,NP4E
204,-5.993683790391083,33.821219310659565,NP4E
205,-8.957458285604876,32.568747710928676,NP4E
206,-5.258182429645166,34.15304504365841,NP4E
207,-10.159586308890988,30.47094726784207,NP4E
208,23.80733586708022,17.509944894062482,NP4E
209,-9.423286893389516,31.39137479221451,NP4E
210,-3.871723752702489,-59.28301191566586,NP4E
211,-6.277937404973745,-59.726773708715136,NP4E
212,-5.045397634793121,-59.95879419724914,NP4E
213,-7.505391626511923,-59.75026288985948,NP4E
214,-8.056175660675546,-60.2559328938736,NP4E
215,-7.078762522855327,-58.479847914089,NP4E
216,-5.311660286872449,-58.894447300759275,NP4E
217,-8.954787454013987,-61.169385071850606,NP4E
218,-6.117842862018926,-57.794965356978295,NP4E
219,-10.195250374611112,-59.37112701359396,NP4E
220,-8.158179970528568,-58.75865561584694,NP4E
221,-7.191916324747231,-60.97172754865138,NP4E
222,-7.662712049805219,-61.04083552255952,NP4E
223,-27.195895018680943,30.421958512207922,NP4E
224,-22.706050832150027,29.303757970296335,NP4E
225,-23.825251332439823,30.54802781503099,NP4E
226,-27.397328037336315,30.08034202752471,NP4E
227,-19.100819568422963,26.80160626539772,NP4E
228,-25.844591032788518,23.076060076345208,NP4E
229,-19.562404704985262,30.06817109554296,NP4E
230,-21.168418525012765,27.795430382380975,NP4E
231,-26.103206688704496,22.686030805201266,NP4E
232,-22.306873009193907,27.994170118853617,NP4E
233,-22.581569366507086,26.114805746416394,NP4E
234,-22.653654144259143,25.915716641523844,NP4E
235,-12.370040073367957,45.64789809677814,NP4E
236,-13.38036665337061,46.43971605762024,NP4E
237,-10.46363043763316,46.23797493185861,NP4E
238,-9.099836616603172,46.07073917312164,NP4E
239,-9.503466720196428,44.07215466344872,NP4E
240,-10.659825323127375,47.295329430068,NP4E
241,-10.627282216867476,48.82336155275797,NP4E
242,-10.517644200220637,48.54633577603229,NP4E
243,-9.404372354779806,48.20932269793599,NP4E
244,-7.076861432114979,48.082010656031315,NP4E
245,-6.69780608688623,47.43337102105404,NP4E
246,-11.68245593078253,47.05645863701271,NP4E
247,-12.170981328783622,48.02623549969682,NP4E
248,-10.840930290055546,44.22679412124103,NP4E
249,-11.402356331204977,49.897641229102206,NP4E
250,-13.49293798061468,50.5109123538786,NP4E
251,-13.688686734768389,50.01237816257731,NP4E
252,1.3860512032899381,55.83125897998075,NP4E
253,1.530744238195087,57.205036666722165,NP4E
254,0.531151742256632,57.92098987102724,NP4E
255,1.5549885315733207,58.98885557391932,NP4E
256,1.7488780847543497,59.51622316090895,NP4E
257,0.17770666868766152,58.833695706106674,NP4E
258,0.8034221520565136,59.0190047184511,NP4E
259,-2.0318820751328746,57.77973645613871,NP4E
260,-2.3068124879173855,58.04800545732058,NP4E
261,-1.6142380098647606,61.171968096867325,NP4E
262,-1.6334369010828251,60.28586688518778,NP4E
263,-0.4911707449807889,59.55377538408535,NP4E
264,-0.5452080290149018,60.79460014318029,NP4E
265,-0.16462373037836925,61.40515773439658,NP4E
266,0.6799014542274857,60.478183655481565,NP4E
267,-7.519647851932484,32.67574197606546,NIdent
268,-8.385511210455784,31.436422168967415,NIdent
269,-7.980250880517266,31.54752359505646,NIdent
270,-5.22526532737196,32.167583510384894,NIdent
271,-4.053582201511858,32.2911326791675,NIdent
272,-5.611279783493512,33.49273277402702,NIdent
273,-8.495622524206242,32.54624370465806,NIdent
274,-6.036495636235145,33.96433098350156,NIdent
275,-8.960473983946793,32.57359749371861,NIdent
276,-5.3771896506556995,34.2590065885577,NIdent
277,-10.159281320480307,30.471225349690943,NIdent
278,23.8073589082147,17.509919570030014,NIdent
279,-3.871723752702546,-59.283011915664886,NIdent
280,-6.28818288844495,-59.297382124750996,NIdent
281,-5.277206201074394,-60.144717669842265,NIdent
282,-7.1872699463433305,-60.177395874554136,NIdent
283,-6.906104286568712,-58.68460392584813,NIdent
284,-5.1415015531792205,-58.83056371975261,NIdent
285,-8.954787454131607,-61.169385071459686,NIdent
286,-9.94828436994148,-60.97718223912446,NIdent
287,-6.117824358422215,-57.79497301565932,NIdent
288,-8.709299521466328,-59.648834774470785,NIdent
289,-10.195250374611112,-59.37112701359396,NIdent
290,-9.329316732847369,-59.03318754664174,NIdent
291,-27.189774441722967,30.420240902628294,NIdent
292,-22.70719094659929,29.30419365248108,NIdent
293,-23.89437037137152,29.90803523495296,NIdent
294,-24.199474354006174,30.25847494911933,NIdent
295,-23.816432980979513,30.53898570730392,NIdent
296,-23.273780274361204,28.625426536010252,NIdent
297,-27.397328037336315,30.08034202752471,NIdent
298,-19.10077699692533,26.79900846836589,NIdent
299,-25.844606147037016,23.076090703118506,NIdent
300,-19.562315954973755,30.069447685041872,NIdent
301,-21.167749366481285,27.794067015135887,NIdent
302,-26.103206688704496,22.686030805201266,NIdent
303,-22.30970187227249,27.998708033753356,NIdent
304,-24.27939704426968,27.25783908201609,NIdent
305,-22.65474138654875,25.914689176883698,NIdent
306,-12.3740337209796,45.649117013004656,NIdent
307,-13.379781564471058,46.439551616239164,NIdent
308,-9.098522915317023,46.070782952291815,NIdent
309,-9.507041600146835,44.075352398005386,NIdent
310,-10.50714791563343,45.771493681921356,NIdent
311,-9.405869253100438,48.20892933501873,NIdent
312,-6.79119718776105,48.16753182373093,NIdent
313,-6.506794889690907,47.67563503274659,NIdent
314,-7.161183229075993,47.43367310994632,NIdent
315,-11.680876326823737,47.05448710761428,NIdent
316,-12.169708961994857,48.024742053943186,NIdent
317,-11.400901323117772,49.89838204422042,NIdent
318,-13.481701229629925,50.50590840261559,NIdent
319,-13.66051225210781,50.00978265363835,NIdent
320,-0.3634313874467887,56.849799983186664,NIdent
321,1.3861215745521829,55.834949658003836,NIdent
322,1.5299242091505545,57.20544597637347,NIdent
323,1.7085497407791055,59.52535787455171,NIdent
324,-2.031630958990885,57.78111645310905,NIdent
325,-0.7400043690683411,57.92997768825082,NIdent
326,-1.8812977507153228,61.026179709416,NIdent
327,-1.8426826476463567,60.208597221906395,NIdent
328,-0.49108444196383444,59.55230896493491,NIdent
329,0.01638198043696779,61.38600236388265,NIdent
330,0.685766051032533,60.480756844310896,NIdent
331,6.624615361874221,18.599090685190724,GVC
332,10.064433608468152,24.26394915755724,GVC
333,6.834619790455978,28.101852397885555,GVC
334,6.912661513942044,28.070110357098187,GVC
335,9.686156334027201,32.41508221441035,GVC
336,7.142008298838572,30.711823276412645,GVC
337,7.340739486706157,30.56155647780045,GVC
338,6.625024082045376,18.798481739102964,GVC
339,15.36878326696086,22.774215423489263,GVC
340,10.756348750672155,22.41745677332311,GVC
341,9.768478346160501,33.9380338155806,GVC
342,10.437965767006148,36.111685231611574,GVC
343,8.653303421361088,28.8122808674679,GVC
344,9.10701374941751,28.149124195537254,GVC
345,17.58717533526178,28.381997725671944,GVC
346,9.154734200296764,31.1948498608694,GVC
347,13.22861599936127,36.372650288650505,GVC
348,13.305850122577922,36.39565449373163,GVC
349,6.653811156109757,21.282545554772888,GVC
350,14.416026836417618,31.682767087344303,GVC
351,10.926971789112317,29.776921619482174,GVC
352,10.779216150812879,28.995914463053943,GVC
353,8.653984758725906,25.998621697433148,GVC
354,5.975070987602359,21.73070046131692,GVC
355,6.957210320684508,20.239289839514736,GVC
356,15.124257214187931,26.06954849273873,GVC
357,12.234608835201767,34.694592463727595,GVC
358,11.80797130017434,29.78261742270134,GVC
359,14.374012408766134,30.174812768785433,GVC
360,10.237252833819891,36.40801725642981,GVC
361,-2.264078282671926,5.734185659145491,GVC
362,17.378876793575056,26.69641820830227,GVC
363,9.994395585032777,24.579019388512464,GVC
364,9.14594829115043,29.417682108890972,GVC
365,14.299983247598039,34.568726790325584,GVC
366,11.421122749599654,31.211835565056976,GVC
367,7.914316533694162,27.083825089249945,GVC
368,18.32692299121134,33.79280415038439,GVC
369,18.92306865249536,33.59730439663368,GVC
370,19.273117014421224,33.63750653703489,GVC
371,11.998354967539408,35.32040092095176,GVC
372,18.276492328475133,30.531519756310473,GVC
373,19.56926533288019,29.585472622914875,GVC
374,5.817948409063081,33.49352116324822,GVC
375,5.869211547070434,33.489019285322115,GVC
376,14.27093828986764,32.55697889051421,GVC
377,15.117574935602141,31.59872359880618,GVC
378,2.671940490723392,23.28175055080791,GVC
379,16.6810545049681,30.240514199484053,GVC
380,18.42707973055574,31.313481711826004,GVC
381,15.706671477492161,32.576032232436425,GVC
382,13.871263469444436,20.899025515272662,GVC
383,12.852990605599988,21.734398494526154,GVC
384,13.687945802521812,21.045453688302366,GVC
385,9.79000810525587,26.935871020770815,GVC
386,10.761312950783783,28.74164952246219,GVC
387,15.119893678202235,33.722857855378116,GVC
388,14.824674299570148,27.830712246413867,GVC
389,8.656718028230053,26.41815281814529,GVC
390,9.98557869537812,23.57047680784656,GVC
391,15.363488969167372,30.948703921644334,GVC
392,10.662084796869111,28.328703326170277,GVC
393,16.1477479086676,31.657463489852482,GVC
394,12.15188916242755,23.167562441205117,GVC
395,11.25726430724511,25.465891143400857,GVC
396,11.084222999807347,19.67756563830942,GVC
397,15.504563062476194,28.380186590701754,GVC
398,13.435465677110026,29.607020253579535,GVC
399,17.232427407277456,34.398216767390274,GVC
400,16.607900681821793,28.855521416215186,GVC
401,16.24543804628107,28.671780345930205,GVC
402,18.263015426860324,36.193741956512035,GVC
403,18.185827903127315,36.08249307886337,GVC
404,12.265421611196045,22.075518747387893,GVC
405,10.489119255816114,33.47246466529876,GVC
406,9.560972924540073,21.384570489035237,GVC
407,9.843978857907244,21.560393479777343,GVC
408,9.749673766072622,29.870763810066165,GVC
409,13.287555876572414,27.85376220438331,GVC
410,13.464664727702385,27.861188654420683,GVC
411,13.84566685658639,25.28766955806985,GVC
412,13.604471291620667,25.469658003232365,GVC
413,8.612681340957424,27.716871029163904,GVC
414,12.622403524545932,33.05398287787232,GVC
415,11.798140802714876,33.11539250928473,GVC
416,11.76447104346393,28.153058610700693,GVC
417,13.171698650069658,31.42879313555815,GVC
418,10.333830147306978,31.692465514708793,GVC
419,11.137203254604657,19.251550661658943,GVC
420,16.781280906665998,31.560397781083246,GVC
421,12.94754771679087,31.16060751089471,GVC
422,-16.2311569821212,-28.583680142753035,FCC
423,-16.341888193545305,-28.17030553589797,FCC
424,-14.922241105905323,-27.952680034706816,FCC
425,-3.0280901750197424,-23.307560361980503,FCC
426,-3.231277421936101,-23.853435141322322,FCC
427,-3.735647585835474,-24.423589909745708,FCC
428,-9.016751157681053,-29.801333118138057,FCC
429,-8.201918401265399,-25.069802555432926,FCC
430,-16.107001484098774,-25.750929198070935,FCC
431,-13.760957639152814,-26.557642324193402,FCC
432,-9.855670182923461,-22.59755897323531,FCC
433,-14.497744711788217,-23.84456630825909,FCC
434,-16.650905476023027,-27.37967680822375,FCC
435,2.545243967028407,-24.15020186861554,FCC
436,0.5009114512579658,-25.129738811235597,FCC
437,-9.020880579010724,-28.172704949471395,FCC
438,-5.464103039000294,-27.052502810073793,FCC
439,19.352466338500637,18.72865097764254,FCC
440,-5.742145821703268,-25.233368586735093,FCC
441,-18.679426049207784,7.375362579919281,FCC
442,-13.599022434935623,-25.899003071970576,FCC
443,-12.021340938225821,-27.38624934848882,FCC
444,-11.696023608576779,-28.50093360503493,FCC
445,-2.6717847029913973,-22.518208419115567,FCC
446,-6.592693952236688,-24.93489080990474,FCC
447,-15.693544235653077,-22.10638994169493,FCC
448,-16.08959165501189,-22.404791609138,FCC
449,0.11387795647791212,-25.28541448012416,FCC
450,-10.51624821177387,-32.90679929264411,FCC
451,-14.194612195733594,-31.91458581501028,FCC
452,-10.393587196302864,-32.41061193332102,FCC
453,-9.668353277268716,-32.66637990686702,FCC
454,-0.8352863157757636,-25.75760672469351,FCC
455,-4.2629452050023255,-29.129506525089077,FCC
456,19.33736815264178,18.81834924513803,FCC
457,-4.056167134869234,-29.174914329364405,FCC
458,-7.483676753035918,-20.48660162335793,FCC
459,-6.259215816043022,-20.51620269399186,FCC
460,-9.062162037474423,-27.729974497662926,FCC
461,-15.858753599821144,-32.02563164105819,FCC
462,-10.158871366399222,-25.143899163273947,FCC
463,-17.38452492448617,-27.173720175339977,FCC
464,-10.193553626173928,-22.77550972167337,FCC
465,-12.485185110651923,-24.37342095455385,FCC
466,-11.185342248440548,-25.8667288951421,FCC
467,-16.210850001212354,-32.36470273402953,FCC
468,-9.095941572972588,-31.557601446410082,FCC
469,-9.351801123474345,-31.033856883210348,FCC
470,-11.658484103802463,-29.275792309447493,FCC
471,-5.371320833198041,-8.902702039309437,FCC
472,-17.134198330517208,-31.787171663737105,FCC
473,-14.99515245673145,-17.566376748610264,FCC
474,-4.721228747125458,-26.151243674990756,FCC
475,-4.579711549038409,-26.094709905451236,FCC
476,4.147103525417145,-13.223092950264444,FCC
477,-15.2961391353297,-23.75792613928339,FCC
478,-10.920744579201598,-25.409577525769468,FCC
479,-12.868130199785497,-25.771230775613578,FCC
480,-11.867740029573904,-30.134214226152324,FCC
481,-9.321547344679743,-23.837522853598866,FCC
482,-7.122098302839477,-21.433691353402647,FCC
483,-6.571098473982086,-10.623197370946071,FCC
484,-12.564273715277768,-22.775144288842597,FCC
485,-11.415103637015973,-29.078135007279315,FCC
486,-6.391790269283239,-18.914720377597146,FCC
487,2.852447862516505,-12.142416704418643,FCC
488,-6.997213514166994,-21.27265206631457,FCC
489,-12.883907930973061,-19.42224323160908,FCC
490,-6.457089978337527,-28.67575032947755,FCC
491,-6.726735837918988,-30.14245223751549,FCC
492,-6.482388938174629,-28.932242820678354,FCC
493,-6.302334287428975,-29.628262555766614,FCC
494,-8.147882641415721,-29.527434651959307,FCC
495,-9.076472105000791,-28.447466115562037,FCC
496,-1.332808999853075,-17.110437466027477,FCC
497,-16.072947679293495,-22.60291642945231,FCC
498,-11.201295918868988,-20.17750107605264,FCC
499,-13.585741385151172,-25.233340531119516,FCC
500,-12.786340571959185,-23.476925290983157,FCC
501,-9.796564112135368,-24.82118841823546,FCC
502,-17.18599506930984,-29.657111592565673,FCC
503,-16.840441114243298,-28.83179737838985,FCC
504,-16.79804925623535,-30.60731588411805,FCC
505,-11.085274000412502,-21.843594959393457,FCC
506,-16.748668282327994,-30.85053491787071,FCC
507,11.660670689832038,-3.9987431397999598,CD2CR
508,1.2135826826275111,-2.849171935358272,CD2CR
509,13.112212940417821,-10.885858872935897,CD2CR
510,17.855094155497284,-6.920630173026559,CD2CR
511,4.906172907622816,-5.862317444172212,CD2CR
512,10.038067166847004,-6.318038995059602,CD2CR
513,11.92160751416162,-8.278074963883306,CD2CR
514,18.644650052306222,4.780633061054742,CD2CR
515,4.888120214291039,-4.656692938930891,CD2CR
516,7.616019861898124,-3.8026276168590454,CD2CR
517,24.451205149620556,0.4108312138631238,CD2CR
518,11.261203087946454,-6.614386991541741,CD2CR
519,8.645584919720166,-5.860784826354317,CD2CR
520,15.00539435910496,1.9614083803162758,CD2CR
521,10.285483413584414,-5.482119952273548,CD2CR
522,7.888025798616574,-5.472070394597588,CD2CR
523,8.867626528711202,-4.857224755042902,CD2CR
524,9.337810945291872,-11.837697766413369,CD2CR
525,9.793299744730168,-10.815840180625845,CD2CR
526,14.999769759406814,-2.6950747158287154,CD2CR
527,7.21263774731787,-7.482909142915823,CD2CR
528,24.452602012595115,0.4119913513301419,CD2CR
529,10.983094040499799,-13.104466820158345,CD2CR
530,9.538409843531289,-6.867393478256937,CD2CR
531,7.725731465655443,-7.652368124382868,CD2CR
532,9.06795054117459,-10.706290058239906,CD2CR
533,13.705942567400886,-11.302211049723317,CD2CR
534,8.987324200114589,2.07678248392008,CD2CR
535,11.941053411732591,3.723862366545203,CD2CR
536,11.964195654314402,3.717352895518368,CD2CR
537,4.985940203012996,-8.120381319970496,CD2CR
538,10.51642206677864,-9.587735011319817,CD2CR
539,13.016343069910857,-14.811808114794998,CD2CR
540,12.909586004881382,-6.458281546860395,CD2CR
541,18.64464007160275,4.780064097856761,CD2CR
542,14.593043990779703,-6.435870653781905,CD2CR
543,10.88389777027175,-10.282356758474613,CD2CR
544,14.93619580849549,-8.532390958522276,CD2CR
545,14.973348074220619,-8.574255025734196,CD2CR
546,13.515005924226415,1.4996144912741947,CD2CR
547,6.535488029111122,-10.876753990384534,CD2CR
548,19.979985886091974,-10.141288822409544,CD2CR
549,19.884109740660232,-9.920394343266947,CD2CR
550,6.513672209726236,-8.647718873044113,CD2CR
551,4.8225655356557615,-6.883556468618291,CD2CR
552,5.944141612610716,-7.659281298674271,CD2CR
553,6.134124281798074,-7.802296611878885,CD2CR
554,15.931752556696978,-4.8375343260638,CD2CR
555,13.229465650178895,-4.750088981781376,CD2CR
556,11.715486052915688,-14.213223806603844,CD2CR
557,17.272034958943795,-9.618685943329645,CD2CR
558,17.254233392171283,-9.441903318076296,CD2CR
559,5.94077767324262,-5.538345185502713,CD2CR
560,14.607313375672506,-1.656889435613982,CD2CR
561,10.27028806665707,-7.400553296612915,CD2CR
562,5.102017834932795,-4.067202480397789,CD2CR
563,11.105046228394688,-8.00836808499464,CD2CR
564,17.07704369018581,-8.21362365798377,CD2CR
565,9.49338347433647,-1.628196619597664,CD2CR
566,7.680401818163231,-11.699192792777206,CD2CR
567,12.60869667336702,-4.42785121102226,CD2CR
568,17.88851999370943,-6.998832156484149,CD2CR
569,17.60868612864009,-8.176991796976024,CD2CR
570,12.341971385387106,-10.853350503112905,CD2CR
571,10.388368776046212,-2.9642379803452683,CD2CR
572,15.95901524144256,-4.810138809183495,CD2CR
573,7.571836254308496,-5.412175379393652,CD2CR
574,20.165227251057377,-10.825887326844276,CD2CR
575,16.874338598741822,-13.915306591471074,CD2CR
576,16.580720666885515,-13.393129083944105,CD2CR
577,9.946389737508689,-9.00600470818349,CD2CR
578,9.176138113569206,-6.575616141536562,CD2CR
579,11.911390760281519,-10.719392402586175,CD2CR
580,6.442630860953483,-6.249594269465813,CD2CR
581,13.139958911280827,-8.524630636852295,CD2CR
582,8.450088585784519,-7.074036579581705,CD2CR
583,9.004658755113336,-8.17442314347943,CD2CR
584,9.023051082886633,-3.3393199542761325,CD2CR
585,16.812481667056254,-13.8279058348919,CD2CR
586,12.195854201365185,-13.485345213477734,CD2CR
587,10.706317793146798,-12.451140928874063,CD2CR
588,6.732205430884642,-5.019136827869117,CD2CR
589,0.8926974369068413,0.1772095399946743,CD2CR
590,9.341282687796975,3.237454626415132,CD2CR
591,12.363800353192643,-14.456719615941717,CD2CR
592,9.454357143473883,3.4585390624177514,CD2CR
593,7.2111576977369785,-6.806722242403209,CD2CR
594,8.095185425650161,-8.68579950340303,CD2CR
595,10.925670810493939,-3.861183672638617,CD2CR
596,15.944706054282632,-12.192928576448379,CD2CR
597,-0.667857309998428,-2.20532175117888,WECEng
598,6.616791592157578,-2.739798700129484,WECEng
599,23.831844932312613,-4.382749342727623,WECEng
600,25.480320665407305,-11.507021175663478,WECEng
601,10.406768452544963,0.7886351510894574,WECEng
602,-0.10379679241183924,-6.119730363858534,WECEng
603,20.549881129937848,-1.7269210048994197,WECEng
604,8.727526854904745,-17.38423683358612,WECEng
605,3.6233137271936826,-17.969783048865363,WECEng
606,24.707361776319296,-14.662582873606212,WECEng
607,6.475824838103002,-19.549592177602324,WECEng
608,6.594631098255846,-19.22849139820248,WECEng
609,4.114992251693167,-17.735729899964916,WECEng
610,6.434895397017856,-18.82188938814832,WECEng
611,8.449057944820584,-19.782986643561944,WECEng
612,6.694785207958329,-19.80280808312105,WECEng
613,8.657230671487497,-17.77051494253747,WECEng
614,19.980351427025365,-1.7617196931473618,WECEng
615,5.9621858381221875,-17.199730869222538,WECEng
616,20.185342452151705,-2.1472570120482177,WECEng
617,1.7631678315986836,-1.2875238418914055,WECEng
618,4.938359363658403,-19.05738436744931,WECEng
619,14.460519385004899,-1.6905906536901358,WECEng
620,18.670694848154273,-3.472887616223176,WECEng
621,12.771976831871463,-0.42561416791818824,WECEng
622,-3.050500724526746,-5.244899825996741,WECEng
623,7.527245664029598,-19.199020655939616,WECEng
624,-1.8349365714397412,-2.557889693167302,WECEng
625,8.348547925469362,-15.330172821850581,WECEng
626,-3.6678642469544456,-7.133201734615116,WECEng
627,8.388439869249614,-15.40906123235055,WECEng
628,14.609858452916294,6.195666021855922,WECEng
629,-15.861508282673652,6.607606326710291,WECEng
630,14.599783754167975,6.413223444078412,WECEng
631,-0.7406239185108219,1.9507390325910692,WECEng
632,4.271344219208568,-10.994345006788029,WECEng
633,14.526777895688321,6.125064866425965,WECEng
634,1.4906748608942022,-6.895570346091299,WECEng
635,24.55948082108717,-15.603614161161504,WECEng
636,1.870991571681153,-16.16988958977944,WECEng
637,6.964013918955917,1.6501239651188857,WECEng
638,3.301918865812935,-1.9722392100397428,WECEng
639,0.8464478685084206,-1.8600951512186608,WECEng
640,5.960219959997811,0.46546195688461234,WECEng
641,8.034961402581438,-0.3438273672740311,WECEng
642,5.588214107603443,3.4582016171104235,WECEng
643,-0.4390201994841775,2.4072412715781466,WECEng
644,1.9603515275287333,-4.960241407317609,WECEng
645,19.480633361971993,1.2582352788014353,WECEng
646,-1.6343452826220082,-9.275326761290415,WECEng
647,10.065796686010989,0.5549453347331128,WECEng
648,5.1587793641046185,-1.900778848249981,WECEng
649,5.699680872024482,2.4185727340307666,WECEng
650,3.198081121696111,-4.010392846016664,WECEng
651,4.604815505831666,-3.082790420275889,WECEng
652,3.800198460838721,-0.5403166813535828,WECEng
653,0.9994173214119604,-10.875358003119143,WECEng
654,11.084027934687397,-1.2116145071075741,WECEng
655,4.8306321019166,-9.782442360484595,WECEng
656,5.6703519449784805,-4.203243897825206,WECEng
657,2.680568204268963,-1.1345444965784397,WECEng
658,6.200689659957098,-3.3398659313551904,WECEng
659,19.39571723656683,27.60322892631765,WECEng
660,5.00720719098955,-0.24114606348359227,WECEng
661,12.394657998111175,-2.769197902332588,WECEng
662,18.073284659379816,25.783275597373816,WECEng
663,4.79611233579397,-10.126148427192172,WECEng
664,23.883771847968983,-6.850972096750717,WECEng
665,7.492283189273235,-13.957038009323588,WECEng
666,22.148842012737067,-6.097147008203034,WECEng
667,0.4184285019839505,-1.2502594981625892,WECEng
668,23.901005226587248,-6.870303410528987,WECEng
669,23.487200578675193,-6.4943524143139415,WECEng
670,0.6686861702886757,-11.955671746011713,WECEng
671,18.091576839234214,-0.38610024406217236,WECEng
672,19.498823526613496,0.8364589252372546,WECEng
673,3.4250200112406763,-8.716030138570693,WECEng
674,18.758147362823248,-0.8447199141783499,WECEng
675,19.035854852852758,-0.9116758457439615,WECEng
676,2.9473242524062013,1.5712685390387464,WECEng
677,-3.0777399232357,0.4664267782437609,WECEng
678,4.170905013313371,-3.0979303274768992,WECEng
679,-0.8173427848861903,-3.605511437474004,WECEng
680,3.3098879905583307,-6.906047296159108,WECEng
681,2.8393662759538194,-6.253291247065572,WECEng
682,3.414326248927438,-8.388553098101427,WECEng
683,3.057575721028245,-2.56357378003968,WECEng
684,2.4810936786048163,1.025285341835587,WECEng
685,7.9384951267668855,-1.8805416439576919,WECEng
686,2.222126193564587,-9.72493069573615,WECEng
687,2.789020597737369,-14.711373874550832,WECEng
688,2.9308667662736156,-18.140078652260456,WECEng
689,3.3053408071859542,-18.56943495111714,WECEng
690,2.3106066940465375,-17.4393246277301,WECEng
691,2.399465692358118,-17.885077819839026,WECEng
692,-0.4257304378344161,-4.210824614926147,WECEng
693,7.087568068028181,-1.644062113092504,WECEng
694,3.34922630878947,1.873810067494829,WECEng
695,7.6643997476384795,5.974201032453457,WECEng
696,22.259257155938887,-27.847562402209267,CEREC
697,26.217068583644785,-32.484321014857024,CEREC
698,26.22716430018813,-32.188108970434854,CEREC
699,10.863265986831951,-39.227283061638325,CEREC
700,26.485411658873204,-31.045268572494436,CEREC
701,27.793382337596512,-31.281434716967542,CEREC
702,28.12199973655516,-31.48302833274071,CEREC
703,17.929701171813356,-35.490167125910865,CEREC
704,14.491894531039035,-35.48647467410078,CEREC
705,-4.7095912004431835,-9.407651510164479,CEREC
706,20.258118351539288,-37.36625289694923,CEREC
707,12.3547000162683,-32.180388364992396,CEREC
708,20.328328698819426,-32.15957287087571,CEREC
709,3.9767735085314815,-5.08958285405422,CEREC
710,19.090080244732864,-36.285675922074084,CEREC
711,10.921083222275094,-31.80202152058652,CEREC
712,24.285715227946188,-31.321282488278896,CEREC
713,7.557667582679826,-36.001225923931415,CEREC
714,3.2850855504768464,-23.80608818697528,CEREC
715,24.59704721785253,-30.520585751769957,CEREC
716,28.340823396836488,-29.136211747828778,CEREC
717,28.378268470653204,-28.954309092559225,CEREC
718,26.407963444739057,-29.004356018947597,CEREC
719,26.096338968309976,-28.913598375203634,CEREC
720,17.62206133509401,-32.76857438822262,CEREC
721,17.57643429784179,-32.013012563187566,CEREC
722,17.588301861840765,-32.33268601507606,CEREC
723,22.717067200921562,-29.650890244841626,CEREC
724,7.726431844319234,-32.6194120960301,CEREC
725,23.83003520524359,-28.382405553108764,CEREC
726,23.83729870116426,-28.286685714707424,CEREC
727,22.446861659434497,-28.788079905013003,CEREC
728,14.585068502091378,-28.706971328276083,CEREC
729,7.698855886051325,-32.54308691637068,CEREC
730,14.478327575684306,-28.60892158093635,CEREC
731,11.996234325648562,-39.989678082577186,CEREC
732,12.030325758261196,-39.98035517978125,CEREC
733,12.174124391597612,-40.45716319617397,CEREC
734,23.443490226319092,-29.267344063575745,CEREC
735,23.653477418148412,-32.33709299768731,CEREC
736,10.665942931551896,-36.955126336391324,CEREC
737,8.054505581295684,-33.38506733504062,CEREC
738,12.149866383091494,-36.385213391595016,CEREC
739,8.165601145154122,-33.505002683788305,CEREC
740,11.832765587224776,-36.488942271065135,CEREC
741,26.52224077214085,-27.760021134495588,CEREC
742,20.576760718278784,-31.89816103549543,CEREC
743,22.44691526452367,-31.48237081352266,CEREC
744,20.202206668424747,-37.29385164141781,CEREC
745,10.759185701147953,-32.17599020384167,CEREC
746,20.268478720262216,-29.06666139965421,CEREC
747,20.557094892473515,-27.466327128567595,CEREC
748,10.827962163118173,-31.016210233950282,CEREC
749,10.873924790667028,-31.251544197294425,CEREC
750,9.482753911999094,-37.37544019328573,CEREC
751,27.71653742942248,-34.98785241749638,CEREC
752,27.839662492482002,-35.16571930857284,CEREC
753,27.839200951176558,-35.185137635037485,CEREC
754,-6.1612058932899005,-10.51031808598234,CEREC
755,21.42784103774769,-29.886727348766282,CEREC
756,19.58066419108372,-33.100821644008974,CEREC
757,25.262797756379815,-31.116903590754376,CEREC
758,10.34626612108719,-33.16676896690125,CEREC
759,11.897204231089857,-36.851751573192814,CEREC
760,26.80694885438975,-29.033778421197237,CEREC
761,20.69112324194022,-30.106087165742537,CEREC
762,20.079284138780295,-30.253855092662675,CEREC
763,18.009000740709354,-36.53125713824887,CEREC
764,28.84336161772602,-27.80726053629651,CEREC
765,28.888798880392113,-27.693881630404594,CEREC
766,17.821521340363585,-35.94479998815773,CEREC
767,19.349938584520807,-30.973294212308755,CEREC
768,22.909694013616893,-25.098072251471308,CEREC
769,22.840174852354494,-24.883035436925894,CEREC
770,22.500247955035086,-24.05499747088202,CEREC
771,8.015402438106275,-35.49250399089922,CEREC
772,8.844430887393276,-37.896278138211954,CEREC
773,8.200451461026184,-38.49189921411841,CEREC
774,19.388361606415504,-33.22839057607727,CEREC
775,10.791917267742559,-37.92243555729994,CEREC
776,14.265765347210303,-35.65410955988168,CEREC
777,10.871401379181398,-38.69719869340017,CEREC
778,18.165516408419062,-36.18128466582573,CEREC
779,26.87814968061603,-30.259052532061343,CEREC
780,22.27793378724777,-31.676566053056046,CEREC
781,19.86638217496917,-36.971892657654706,CEREC
782,9.851654605619993,-39.029001296698105,CEREC
783,7.715972313110696,-36.041292949222765,CEREC
784,9.604571024715776,-38.28521824557597,CEREC
785,1.3289471971199815,-3.5057111650584205,HyperCoref
786,-5.659484670292725,8.68716465319468,HyperCoref
787,-2.649630385266066,5.681892223199978,HyperCoref
788,-3.1002865990183297,0.5135846008812421,HyperCoref
789,-1.9870920628387772,3.631398064264555,HyperCoref
790,-2.9988650527074907,9.714018022877319,HyperCoref
791,-2.4211266738507673,10.044367609637838,HyperCoref
792,-1.513449677533492,10.405717682992892,HyperCoref
793,-3.6082785009649347,6.4694968953008845,HyperCoref
794,26.040599152942864,11.343503177019171,HyperCoref
795,-3.35687675459665,8.502941717819777,HyperCoref
796,-3.676843273995162,9.889080368040492,HyperCoref
797,-2.0983189892085212,7.912061088315859,HyperCoref
798,-3.305239253198454,7.624497281963174,HyperCoref
799,-4.035463863855487,6.9852195939558435,HyperCoref
800,15.026096109007991,1.9770930113372096,HyperCoref
801,-6.913703288374824,8.320217610615869,HyperCoref
802,-4.9078362748899576,7.346135663879647,HyperCoref
803,-5.208737874765586,10.319507713515764,HyperCoref
804,4.977176971940777,4.87707912086343,HyperCoref
805,-8.872676284380455,9.570067922081883,HyperCoref
806,-16.40889877331106,8.336999450226097,HyperCoref
807,4.936006764177872,4.939930461734979,HyperCoref
808,-6.883922980298333,4.7199744972687965,HyperCoref
809,-6.864677792860102,9.131387765334543,HyperCoref
810,-10.410468123278012,8.482493611540198,HyperCoref
811,-7.272948966771074,9.895515426447247,HyperCoref
812,-9.87483857873832,10.346257175963752,HyperCoref
813,-10.10082167021236,9.26902009996188,HyperCoref
814,-9.434090044907594,9.502877762332702,HyperCoref
815,-0.6490301646465286,12.043649672960171,HyperCoref
816,-11.491880885457045,10.610882266268206,HyperCoref
817,-8.269768705984001,6.577510227972359,HyperCoref
818,-8.371068401346976,6.861138934895984,HyperCoref
819,8.79934028603806,33.763352555115425,HyperCoref
820,6.756240708059552,23.993534676940214,HyperCoref
821,6.07983101856845,22.567445127632183,HyperCoref
822,6.168000703815864,23.284493072848434,HyperCoref
823,6.348165090499777,25.061603576270823,HyperCoref
824,5.241611512044838,24.797421919185165,HyperCoref
825,-4.573997940310319,8.591827487944458,HyperCoref
826,-6.373684007935503,1.6395554808016939,HyperCoref
827,-9.645149650607946,-16.36771372990148,HyperCoref
828,-5.700241738581253,-15.393316315283622,HyperCoref
829,-0.06473644710099136,-9.899704312521909,HyperCoref
830,-5.240539129375836,-18.48938830899269,HyperCoref
831,-2.531611403266601,-9.41419137368158,HyperCoref
832,-9.20044573640938,-15.469741088017196,HyperCoref
833,-1.844529383400461,-14.009306589531612,HyperCoref
834,-11.99025005732949,-12.633961969333756,HyperCoref
835,-12.801034650028578,-11.478040506921936,HyperCoref
836,-3.1874873895251783,-21.190755312168125,HyperCoref
837,-4.3307018777629525,5.051308680688291,HyperCoref
838,34.91458217304656,-4.430577889226401,HyperCoref
839,-14.631391092356377,-16.432802200016543,HyperCoref
840,-16.75923046099141,-11.734974581371413,HyperCoref
841,35.26170896168338,-4.990326669905246,HyperCoref
842,-13.246447128357334,-15.076423268716663,HyperCoref
843,-8.861166864155235,-19.983608865808982,HyperCoref
844,-17.09297231622711,-32.05966023686867,HyperCoref
845,-7.919171264260903,-13.737011312701423,HyperCoref
846,34.78065754799408,-4.6112875560715905,HyperCoref
847,-10.45355133053145,-18.753076062018394,HyperCoref
848,-11.265584651910041,-13.689371450403033,HyperCoref
849,-8.832608083326408,-22.753188353749362,HyperCoref
850,-12.253891519883902,-18.096429652695807,HyperCoref
851,-1.265795713722099,-11.029212801274223,HyperCoref
852,-15.802172247394756,-15.410512627921412,HyperCoref
853,-10.876519989005677,-17.481482643833957,HyperCoref
854,-16.020200031068086,-15.468369214178365,HyperCoref
855,-13.4696674925294,-16.011390412597954,HyperCoref
856,-11.615924206141294,-15.45541491330895,HyperCoref
857,-12.904023397239403,-16.057747613346354,HyperCoref
858,-13.10756236702031,-14.974110742438627,HyperCoref
859,-13.79980012258466,-13.633853208873688,HyperCoref
860,-16.79756261545669,-11.684324922040846,HyperCoref
861,-14.098558242759935,-13.113963524158502,HyperCoref
862,34.91590396750665,-4.579412075328781,HyperCoref
863,-14.907101737918108,-13.30683003213347,HyperCoref
864,-5.30022648589561,6.079274446853037,HyperCoref
865,-12.901229180546219,-13.484191647281278,HyperCoref
866,-10.360148600287538,-15.647249132282885,HyperCoref
867,-12.607380163133548,-11.369347400618095,HyperCoref
868,-10.667419825625588,-11.520278410739524,HyperCoref
869,-10.086848884189939,-10.650711444926742,HyperCoref
870,-9.654097311193828,-12.4896045442982,HyperCoref
871,-14.036104084676682,-11.96372929799423,HyperCoref
872,-12.680485665837613,-17.15226074092072,HyperCoref
873,-10.732624245942871,-13.628282788943856,HyperCoref
874,-6.317291829025222,-13.602234338572226,HyperCoref
875,-6.629396597861774,0.296896292803433,HyperCoref
876,-4.671550503685214,-14.126514315091764,HyperCoref
877,-4.520895684556913,-14.05521115826863,HyperCoref
878,-4.153538891835258,-18.886381317796946,HyperCoref
879,-1.7888489051750782,-12.549474522168145,HyperCoref
880,-11.466950667206042,-18.8743234700391,HyperCoref
881,-2.6786465329873184,-20.425581981710774,HyperCoref
882,-8.564269383039463,-17.53177793916516,HyperCoref
883,-2.7770426003098105,-20.925971654575388,HyperCoref
884,-6.347643581728868,1.68198963017587,HyperCoref
885,-25.849501853173116,1.081674907775215,ECBplusMETAm
886,-26.552313502933526,0.3320157394270894,ECBplusMETAm
887,-26.433603459539732,-0.034321685077178254,ECBplusMETAm
888,-26.533994966628025,-0.8247656829150514,ECBplusMETAm
889,-25.81115265156794,0.4546819161833649,ECBplusMETAm
890,-27.079264193627004,0.7377390270736406,ECBplusMETAm
891,-26.079084218254646,0.8513492204793441,ECBplusMETAm
892,-25.18733339428703,1.1629850555889203,ECBplusMETAm
893,3.6584482425378733,22.949250687476678,ECBplusMETAm
894,2.837552577751578,25.273512531060355,ECBplusMETAm
895,3.758934717132093,26.02963594743327,ECBplusMETAm
896,4.312308809708434,26.45634175658896,ECBplusMETAm
897,3.62848767808763,26.52173788606551,ECBplusMETAm
898,20.781074834651335,8.688513809266286,ECBplusMETAm
899,-9.580069147961643,-1.0292749123577571,ECBplusMETAm
900,-9.246735196725488,-1.2397196579426977,ECBplusMETAm
901,-8.647759057351172,-1.2173188416219765,ECBplusMETAm
902,-9.11755193748508,-3.1098307618414083,ECBplusMETAm
903,-9.020390823734731,-3.394254319653899,ECBplusMETAm
904,-9.141795505737635,-3.031578761884867,ECBplusMETAm
905,25.825581233335136,28.099841287703587,ECBplusMETAm
906,24.611336818250205,27.97920029720795,ECBplusMETAm
907,25.140008985971164,28.139121939658693,ECBplusMETAm
908,27.001317451366095,34.64864638404178,ECBplusMETAm
909,26.428904177102098,33.4295843806487,ECBplusMETAm
910,25.539721068009715,34.11180775799565,ECBplusMETAm
911,26.56023014663726,34.86395649307573,ECBplusMETAm
912,26.752288425505643,33.745890141664084,ECBplusMETAm
913,1.1766039482496404,-9.602502618792666,ECBplusMETAm
914,8.741195311866658,13.315073264808479,ECBplusMETAm
915,9.062329180164747,14.372005393138648,ECBplusMETAm
916,13.92830079806882,-21.039295398552568,ECBplusMETAm
917,13.76970056762863,-21.36338259566536,ECBplusMETAm
918,13.710190656606027,-20.043144408587395,ECBplusMETAm
919,6.375732404921288,8.454678499576346,ECBplusMETAm
920,1.8628588298557314,16.880247340517233,ECBplusMETAm
921,1.78589868113304,16.648632308300957,ECBplusMETAm
922,1.8544561869810914,16.620152511432508,ECBplusMETAm
923,1.8547618219664506,16.087835369728456,ECBplusMETAm
924,-1.9385409520613284,17.659425307918003,ECBplusMETAm
925,-1.719981674884635,16.71447322270384,ECBplusMETAm
926,-1.723753394728484,16.88919260575608,ECBplusMETAm
927,-2.1320201505239216,16.61060605821402,ECBplusMETAm
928,26.0822501561369,10.74051756823468,ECBplusMETAm
929,26.12544835581635,10.945353030910654,ECBplusMETAm
930,30.027125478797746,12.026872318086927,ECBplusMETAm
931,29.827707904211522,11.202894088553583,ECBplusMETAm
932,-3.7780290300764787,23.047523462035187,ECBplusMETAm
933,-5.406670264308882,21.962196130092035,ECBplusMETAm
934,-6.352214959191502,22.23044530563603,ECBplusMETAm
935,-6.573500891093024,22.392738290121542,ECBplusMETAm
936,7.660388806507959,-9.733687644002005,ECBplusMETAm
937,-10.046530331312193,3.1422324954079563,ECBplusMETAm
938,-10.039153713223056,3.0652087904726186,ECBplusMETAm
939,-34.049293802540994,-23.753090304566644,ECBplusMETAm
940,-34.873932263429055,-25.168467815539998,ECBplusMETAm
941,-35.690738339232496,-25.799761960038893,ECBplusMETAm
942,-14.998580794787358,25.534126255545036,ECBplusMETAm
943,29.65325080402239,1.6049504920343098,ECBplusMETAm
944,29.655144608898087,1.6074234195859458,ECBplusMETAm
945,-25.5583952059942,-10.105438700236364,ECBplusMETAm
946,-24.58951242590906,-10.369748502208932,ECBplusMETAm
947,-25.193747175636904,-10.794944514239782,ECBplusMETAm
948,-24.645352761714335,-11.060710146094907,ECBplusMETAm
949,-25.340912023855985,-11.005145082767864,ECBplusMETAm
950,-24.128855322696282,-14.852203694304887,ECBplusMETAm
951,-24.626344629330234,-15.245642746231848,ECBplusMETAm
952,-24.026998491576773,-15.19990825173191,ECBplusMETAm
953,-42.708613863286665,-9.33857698296838,ECBplusMETAm
954,-44.07512937536834,-9.86963286226076,ECBplusMETAm
955,-44.147122125859404,-9.213337346602014,ECBplusMETAm
956,-43.36504993554821,-7.988977221912003,ECBplusMETAm
957,-43.705285328862196,-9.388909084131045,ECBplusMETAm
958,-43.56702567548094,-8.772019008069178,ECBplusMETAm
959,-43.756941308756765,-8.14335600675562,ECBplusMETAm
960,-44.87380484623758,-8.932702639612481,ECBplusMETAm
961,-5.67042159413879,-5.723640549250678,ECBplusMETAm
962,-5.665020059952816,-5.726658076605393,ECBplusMETAm
963,-4.926466511042279,-2.40970784504394,ECBplusMETAm
964,18.784150496468726,-17.400465537395583,ECBplusMETAm
965,-5.062976173139891,-3.085413480247596,ECBplusMETAm
966,-4.910748534964421,-2.433351688334624,ECBplusMETAm
967,-13.39899660675211,-1.9170331116139134,ECBplusMETAm
968,-13.294207718866021,-2.08402104274199,ECBplusMETAm
969,-13.217025486670268,-2.2085825621253643,ECBplusMETAm
970,10.921538911550021,9.787067319412847,ECBplusMETAm
971,10.926332761498868,9.78094254997204,ECBplusMETAm
972,-9.61136574047113,-7.65464292725746,ECBplusMETAm
973,-8.32627425303655,-7.53830519844429,ECBplusMETAm
